"File Name","Leaf #"
"JR_HL 3920.JPG","1.0"
"JR_HL 3921.JPG","1.0"
"JR_HL 3922.JPG","1.0"
"JR_HL 3923.JPG","1.0"
"JR_HL 3924.JPG","1.0"
"JR_HL 3925.JPG","1.0"
"JR_HL 3926.JPG","1.0"
"JR_HL 3927.JPG","2.0"
"JR_HL 3928.JPG","2.0"
"JR_HL 3929.JPG","2.0"
"JR_HL 3930.JPG","2.0"
"JR_HL 3931.JPG","2.0"
"JR_HL 3932.JPG","2.0"
"JR_HL 3933.JPG","2.0"
"JR_HL 3934.JPG","2.0"
"JR_HL 3935.JPG","2.0"
"JR_HL 3936.JPG","2.0"
"JR_HL 3937.JPG","3.0"
"JR_HL 3938.JPG","3.0"
"JR_HL 3940.JPG","3.0"
"JR_HL 3941.JPG","3.0"
"JR_HL 3942.JPG","3.0"
"JR_HL 3943.JPG","3.0"
"JR_HL 3944.JPG","3.0"
"JR_HL 3945.JPG","3.0"
"JR_HL 3946.JPG","3.0"
"JR_HL 3947.JPG","4.0"
"JR_HL 3948.JPG","4.0"
"JR_HL 3949.JPG","4.0"
"JR_HL 3950.JPG","4.0"
"JR_HL 3951.JPG","4.0"
"JR_HL 3952.JPG","4.0"
"JR_HL 3953.JPG","4.0"
"JR_HL 3969.JPG","5.0"
"JR_HL 3970.JPG","5.0"
"JR_HL 3971.JPG","5.0"
"JR_HL 3972.JPG","5.0"
"JR_HL 3973.JPG","5.0"
"JR_HL 3974.JPG","5.0"
"JR_HL 3975.JPG","5.0"
"JR_HL 3976.JPG","5.0"
"JR_HL 3977.JPG","5.0"
"JR_HL 3978.JPG","5.0"
"JR_HL 3979.JPG","6.0"
"JR_HL 3980.JPG","6.0"
"JR_HL 3981.JPG","6.0"
"JR_HL 3982.JPG","6.0"
"JR_HL 3983.JPG","6.0"
"JR_HL 3984.JPG","6.0"
"JR_HL 3985.JPG","6.0"
"JR_HL 3986.JPG","6.0"
"JR_HL 3987.JPG","6.0"
"JR_HL 3988.JPG","6.0"
"JR_HL 3989.JPG","7.0"
"JR_HL 3990.JPG","7.0"
"JR_HL 3991.JPG","7.0"
"JR_HL 3992.JPG","7.0"
"JR_HL 3993.JPG","7.0"
"JR_HL 3994.JPG","7.0"
"JR_HL 3995.JPG","7.0"
"JR_HL 3996.JPG","7.0"
"JR_HL 3997.JPG","7.0"
"JR_HL 3998.JPG","7.0"
"JR_HL 3999.JPG","7.0"
"JR_HL 4000.JPG","8.0"
"JR_HL 4001.JPG","8.0"
"JR_HL 4002.JPG","8.0"
"JR_HL 4003.JPG","8.0"
"JR_HL 4004.JPG","8.0"
"JR_HL 4005.JPG","8.0"
"JR_HL 4006.JPG","8.0"
"JR_HL 4007.JPG","8.0"
"JR_HL 4008.JPG","8.0"
"JR_HL 4009.JPG","8.0"
"JR_HL 4010.JPG","8.0"
"JR_HL 4011.JPG","8.0"
"JR_HL 4012.JPG","9.0"
"JR_HL 4013.JPG","9.0"
"JR_HL 4014.JPG","9.0"
"JR_HL 4015.JPG","9.0"
"JR_HL 4016.JPG","9.0"
"JR_HL 4017.JPG","9.0"
"JR_HL 4018.JPG","9.0"
"JR_HL 4019.JPG","9.0"
"JR_HL 4020.JPG","9.0"
"JR_HL 4021.JPG","9.0"
"JR_HL 4022.JPG","9.0"
"JR_HL 4023.JPG","9.0"
"JR_HL 4024.JPG","9.0"
"JR_HL 4025.JPG","10.0"
"JR_HL 4026.JPG","10.0"
"JR_HL 4027.JPG","10.0"
"JR_HL 4028.JPG","10.0"
"JR_HL 4029.JPG","10.0"
"JR_HL 4030.JPG","10.0"
"JR_HL 4031.JPG","10.0"
"JR_HL 4032.JPG","10.0"
"JR_HL 4033.JPG","11.0"
"JR_HL 4034.JPG","11.0"
"JR_HL 4035.JPG","11.0"
"JR_HL 4036.JPG","11.0"
"JR_HL 4037.JPG","11.0"
"JR_HL 4038.JPG","11.0"
"JR_HL 4039.JPG","11.0"
"JR_HL 4040.JPG","11.0"
"JR_HL 4041.JPG","11.0"
"JR_HL 4042.JPG","11.0"
"JR_HL 4043.JPG","11.0"
"JR_HL 4044.JPG","12.0"
"JR_HL 4045.JPG","12.0"
"JR_HL 4046.JPG","12.0"
"JR_HL 4047.JPG","12.0"
"JR_HL 4048.JPG","12.0"
"JR_HL 4049.JPG","12.0"
"JR_HL 4050.JPG","12.0"
"JR_HL 4051.JPG","12.0"
"JR_HL 4052.JPG","12.0"
"JR_HL 4053.JPG","13.0"
"JR_HL 4054.JPG","13.0"
"JR_HL 4055.JPG","13.0"
"JR_HL 4056.JPG","13.0"
"JR_HL 4057.JPG","13.0"
"JR_HL 4058.JPG","13.0"
"JR_HL 4059.JPG","13.0"
"JR_HL 4060.JPG","13.0"
"JR_HL 4061.JPG","13.0"
"JR_HL 4062.JPG","14.0"
"JR_HL 4063.JPG","14.0"
"JR_HL 4064.JPG","14.0"
"JR_HL 4065.JPG","14.0"
"JR_HL 4066.JPG","14.0"
"JR_HL 4067.JPG","14.0"
"JR_HL 4068.JPG","14.0"
"JR_HL 4069.JPG","14.0"
"JR_HL 4070.JPG","14.0"
"JR_HL 4080.JPG","15.0"
"JR_HL 4081.JPG","15.0"
"JR_HL 4082.JPG","15.0"
"JR_HL 4083.JPG","15.0"
"JR_HL 4084.JPG","15.0"
"JR_HL 4085.JPG","15.0"
"JR_HL 4087.JPG","n/a"
"JR_HL 4088.JPG","16.0"
"JR_HL 4089.JPG","16.0"
"JR_HL 4090.JPG","16.0"
"JR_HL 4091.JPG","16.0"
"JR_HL 4092.JPG","16.0"
"JR_HL 4093.JPG","16.0"
"JR_HL 4094.JPG","16.0"
"JR_HL 4095.JPG","16.0"
"JR_HL 4096.JPG","17.0"
"JR_HL 4097.JPG","17.0"
"JR_HL 4098.JPG","17.0"
"JR_HL 4099.JPG","17.0"
"JR_HL 4100.JPG","17.0"
"JR_HL 4101.JPG","17.0"
"JR_HL 4102.JPG","17.0"
"JR_HL 4103.JPG","17.0"
"JR_HL 4104.JPG","17.0"
"JR_HL 4105.JPG","18.0"
"JR_HL 4106.JPG","18.0"
"JR_HL 4107.JPG","18.0"
"JR_HL 4108.JPG","18.0"
"JR_HL 4109.JPG","18.0"
"JR_HL 4110.JPG","18.0"
"JR_HL 4111.JPG","18.0"
"JR_HL 4112.JPG","18.0"
"JR_HL 4113.JPG","19.0"
"JR_HL 4114.JPG","19.0"
"JR_HL 4115.JPG","19.0"
"JR_HL 4116.JPG","19.0"
"JR_HL 4117.JPG","19.0"
"JR_HL 4118.JPG","19.0"
"JR_HL 4119.JPG","19.0"
"JR_HL 4120.JPG","19.0"
"JR_HL 4121.JPG","19.0"
"JR_HL 4122.JPG","19.0"
"JR_HL 4132.JPG","n/a"
"JR_HL 4133.JPG","20.0"
"JR_HL 4134.JPG","20.0"
"JR_HL 4135.JPG","20.0"
"JR_HL 4136.JPG","20.0"
"JR_HL 4137.JPG","20.0"
"JR_HL 4138.JPG","20.0"
"JR_HL 4139.JPG","20.0"
"JR_HL 4140.JPG","20.0"
"JR_HL 4141.JPG","20.0"
"JR_HL 4142.JPG","20.0"
"JR_HL 4143.JPG","21.0"
"JR_HL 4144.JPG","21.0"
"JR_HL 4145.JPG","21.0"
"JR_HL 4146.JPG","21.0"
"JR_HL 4147.JPG","21.0"
"JR_HL 4148.JPG","21.0"
"JR_HL 4149.JPG","21.0"
"JR_HL 4150.JPG","21.0"
"JR_HL 4151.JPG","22.0"
"JR_HL 4152.JPG","22.0"
"JR_HL 4153.JPG","22.0"
"JR_HL 4154.JPG","22.0"
"JR_HL 4155.JPG","22.0"
"JR_HL 4156.JPG","22.0"
"JR_HL 4157.JPG","22.0"
"JR_HL 4158.JPG","22.0"
"JR_HL 4159.JPG","22.0"
"JR_HL 4160.JPG","22.0"
"JR_HL 4161.JPG","23.0"
"JR_HL 4162.JPG","23.0"
"JR_HL 4163.JPG","23.0"
"JR_HL 4164.JPG","23.0"
"JR_HL 4165.JPG","23.0"
"JR_HL 4166.JPG","23.0"
"JR_HL 4167.JPG","23.0"
"JR_HL 4168.JPG","23.0"
"JR_HL 4169.JPG","23.0"
"JR_HL 4170.JPG","23.0"
"JR_HL 4171.JPG","23.0"
"JR_HL 4172.JPG","23.0"
"JR_HL 4173.JPG","24.0"
"JR_HL 4174.JPG","24.0"
"JR_HL 4175.JPG","24.0"
"JR_HL 4176.JPG","24.0"
"JR_HL 4177.JPG","24.0"
"JR_HL 4178.JPG","24.0"
"JR_HL 4179.JPG","24.0"
"JR_HL 4180.JPG","24.0"
"JR_HL 4181.JPG","24.0"
"JR_HL 4182.JPG","24.0"
"JR_HL 4183.JPG","25.0"
"JR_HL 4184.JPG","25.0"
"JR_HL 4185.JPG","25.0"
"JR_HL 4186.JPG","25.0"
"JR_HL 4187.JPG","25.0"
"JR_HL 4188.JPG","25.0"
"JR_HL 4189.JPG","25.0"
"JR_HL 4190.JPG","25.0"
"JR_HL 4191.JPG","25.0"
"JR_HL 4192.JPG","25.0"
"JR_HL 4193.JPG","26.0"
"JR_HL 4194.JPG","26.0"
"JR_HL 4195.JPG","26.0"
"JR_HL 4196.JPG","26.0"
"JR_HL 4197.JPG","26.0"
"JR_HL 4198.JPG","26.0"
"JR_HL 4199.JPG","26.0"
"JR_HL 4200.JPG","26.0"
"JR_HL 4201.JPG","26.0"
"JR_HL 4202.JPG","26.0"
"JR_HL 4203.JPG","26.0"
"JR_HL 4204.JPG","27.0"
"JR_HL 4205.JPG","27.0"
"JR_HL 4206.JPG","27.0"
"JR_HL 4207.JPG","27.0"
"JR_HL 4208.JPG","27.0"
"JR_HL 4209.JPG","27.0"
"JR_HL 4210.JPG","27.0"
"JR_HL 4211.JPG","27.0"
"JR_HL 4212.JPG","27.0"
"JR_HL 4213.JPG","27.0"
"JR_HL 4214.JPG","27.0"
"JR_HL 4215.JPG","28.0"
"JR_HL 4216.JPG","28.0"
"JR_HL 4217.JPG","28.0"
"JR_HL 4218.JPG","28.0"
"JR_HL 4219.JPG","28.0"
"JR_HL 4220.JPG","28.0"
"JR_HL 4221.JPG","28.0"
"JR_HL 4222.JPG","28.0"
"JR_HL 4223.JPG","28.0"
"JR_HL 4224.JPG","28.0"
"JR_HL 4225.JPG","29.0"
"JR_HL 4226.JPG","29.0"
"JR_HL 4227.JPG","29.0"
"JR_HL 4228.JPG","29.0"
"JR_HL 4229.JPG","29.0"
"JR_HL 4230.JPG","29.0"
"JR_HL 4231.JPG","29.0"
"JR_HL 4232.JPG","29.0"
"JR_HL 4234.JPG","29.0"
"JR_HL 4235.JPG","29.0"
"JR_HL 4236.JPG","29.0"
"JR_HL 4237.JPG","30.0"
"JR_HL 4238.JPG","30.0"
"JR_HL 4239.JPG","30.0"
"JR_HL 4240.JPG","30.0"
"JR_HL 4241.JPG","30.0"
"JR_HL 4242.JPG","31.0"
"JR_HL 4243.JPG","31.0"
"JR_HL 4244.JPG","31.0"
"JR_HL 4245.JPG","31.0"
"JR_HL 4246.JPG","31.0"
"JR_HL 4247.JPG","31.0"
"JR_HL 4248.JPG","31.0"
"JR_HL 4249.JPG","32.0"
"JR_HL 4250.JPG","32.0"
"JR_HL 4251.JPG","32.0"
"JR_HL 4252.JPG","32.0"
"JR_HL 4253.JPG","32.0"
"JR_HL 4254.JPG","32.0"
"JR_HL 4255.JPG","32.0"
"JR_HL 4256.JPG","32.0"
"JR_HL 4258.JPG","33.0"
"JR_HL 4259.JPG","33.0"
"JR_HL 4260.JPG","33.0"
"JR_HL 4261.JPG","33.0"
"JR_HL 4262.JPG","33.0"
"JR_HL 4263.JPG","33.0"
"JR_HL 4264.JPG","33.0"
"JR_HL 4265.JPG","33.0"
"JR_HL 4266.JPG","33.0"
"JR_HL 4267.JPG","33.0"
"JR_HL 4268.JPG","33.0"
"JR_HL 4269.JPG","33.0"
"JR_HL 4270.JPG","34.0"
"JR_HL 4271.JPG","34.0"
"JR_HL 4272.JPG","34.0"
"JR_HL 4273.JPG","34.0"
"JR_HL 4274.JPG","34.0"
"JR_HL 4275.JPG","34.0"
"JR_HL 4276.JPG","34.0"
"JR_HL 4277.JPG","34.0"
"JR_HL 4278.JPG","34.0"
"JR_HL 4279.JPG","35.0"
"JR_HL 4280.JPG","35.0"
"JR_HL 4281.JPG","35.0"
"JR_HL 4282.JPG","35.0"
"JR_HL 4283.JPG","35.0"
"JR_HL 4284.JPG","35.0"
"JR_HL 4285.JPG","35.0"
"JR_HL 4286.JPG","35.0"
"JR_HL 4287.JPG","35.0"
"JR_HL 4288.JPG","35.0"
"JR_HL 4289.JPG","36.0"
"JR_HL 4290.JPG","36.0"
"JR_HL 4291.JPG","36.0"
"JR_HL 4292.JPG","36.0"
"JR_HL 4293.JPG","36.0"
"JR_HL 4294.JPG","36.0"
"JR_HL 4295.JPG","36.0"
"JR_HL 4296.JPG","36.0"
"JR_HL 4297.JPG","37.0"
"JR_HL 4298.JPG","37.0"
"JR_HL 4299.JPG","37.0"
"JR_HL 4300.JPG","37.0"
"JR_HL 4301.JPG","37.0"
"JR_HL 4302.JPG","37.0"
"JR_HL 4303.JPG","37.0"
"JR_HL 4304.JPG","37.0"
"JR_HL 4305.JPG","37.0"
"JR_HL 4306.JPG","38.0"
"JR_HL 4307.JPG","38.0"
"JR_HL 4308.JPG","38.0"
"JR_HL 4309.JPG","38.0"
"JR_HL 4310.JPG","38.0"
"JR_HL 4311.JPG","38.0"
"JR_HL 4312.JPG","38.0"
"JR_HL 4313.JPG","38.0"
"JR_HL 4314.JPG","39.0"
"JR_HL 4315.JPG","39.0"
"JR_HL 4316.JPG","39.0"
"JR_HL 4317.JPG","39.0"
"JR_HL 4318.JPG","39.0"
"JR_HL 4319.JPG","39.0"
"JR_HL 4320.JPG","39.0"
"JR_HL 4321.JPG","39.0"
"JR_HL 4322.JPG","39.0"
"JR_HL 4323.JPG","40.0"
"JR_HL 4324.JPG","40.0"
"JR_HL 9423.JPG","40.0"
"JR_HL 9424.JPG","40.0"
"JR_HL 9425.JPG","40.0"
"JR_HL 9426.JPG","40.0"
"JR_HL 9427.JPG","40.0"
"JR_HL 9428.JPG","40.0"
"JR_HL 9429.JPG","40.0"
"JR_HL 9430.JPG","41.0"
"JR_HL 9431.JPG","41.0"
"JR_HL 9432.JPG","41.0"
"JR_HL 9433.JPG","41.0"
"JR_HL 9434.JPG","41.0"
"JR_HL 9435.JPG","41.0"
"JR_HL 9436.JPG","41.0"
"JR_HL 9437.JPG","42.0"
"JR_HL 9438.JPG","42.0"
"JR_HL 9439.JPG","42.0"
"JR_HL 9440.JPG","42.0"
"JR_HL 9441.JPG","42.0"
"JR_HL 9442.JPG","42.0"
"JR_HL 9443.JPG","42.0"
"JR_HL 9444.JPG","43.0"
"JR_HL 9445.JPG","43.0"
"JR_HL 9446.JPG","43.0"
"JR_HL 9447.JPG","43.0"
"JR_HL 9448.JPG","43.0"
"JR_HL 9449.JPG","43.0"
"JR_HL 9450.JPG","43.0"
"JR_HL 9451.JPG","44.0"
"JR_HL 9452.JPG","44.0"
"JR_HL 9453.JPG","44.0"
"JR_HL 9454.JPG","44.0"
"JR_HL 9455.JPG","44.0"
"JR_HL 9456.JPG","44.0"
"JR_HL 9457.JPG","44.0"
"JR_HL 9458.JPG","44.0"
"JR_HL 9459.JPG","45.0"
"JR_HL 9460.JPG","45.0"
"JR_HL 9461.JPG","45.0"
"JR_HL 9462.JPG","45.0"
"JR_HL 9463.JPG","45.0"
"JR_HL 9464.JPG","45.0"
"JR_HL 9465.JPG","45.0"
"JR_HL 9466.JPG","45.0"
"JR_HL 9467.JPG","46.0"
"JR_HL 9468.JPG","46.0"
"JR_HL 9469.JPG","46.0"
"JR_HL 9470.JPG","46.0"
"JR_HL 9471.JPG","46.0"
"JR_HL 9472.JPG","46.0"
"JR_HL 9473.JPG","46.0"
"JR_HL 9474.JPG","46.0"
"JR_HL 9475.JPG","47.0"
"JR_HL 9476.JPG","47.0"
"JR_HL 9477.JPG","47.0"
"JR_HL 9478.JPG","47.0"
"JR_HL 9479.JPG","47.0"
"JR_HL 9480.JPG","47.0"
"JR_HL 9481.JPG","47.0"
"JR_HL 9482.JPG","47.0"
"JR_HL 9483.JPG","48.0"
"JR_HL 9484.JPG","48.0"
"JR_HL 9485.JPG","48.0"
"JR_HL 9486.JPG","48.0"
"JR_HL 9487.JPG","48.0"
"JR_HL 9488.JPG","48.0"
"JR_HL 9489.JPG","48.0"
"JR_HL 9490.JPG","48.0"
"JR_HL 9491.JPG","49.0"
"JR_HL 9492.JPG","49.0"
"JR_HL 9493.JPG","49.0"
"JR_HL 9494.JPG","49.0"
"JR_HL 9495.JPG","49.0"
"JR_HL 9496.JPG","49.0"
"JR_HL 9497.JPG","49.0"
"JR_HL 9498.JPG","50.0"
"JR_HL 9499.JPG","50.0"
"JR_HL 9500.JPG","50.0"
"JR_HL 9501.JPG","50.0"
"JR_HL 9502.JPG","50.0"
"JR_HL 9503.JPG","50.0"
"JR_HL 9504.JPG","50.0"
"JR_HL 9505.JPG","50.0"
"JR_HL 9506.JPG","51.0"
"JR_HL 9507.JPG","51.0"
"JR_HL 9508.JPG","51.0"
"JR_HL 9509.JPG","51.0"
"JR_HL 9510.JPG","51.0"
"JR_HL 9511.JPG","51.0"
"JR_HL 9512.JPG","52.0"
"JR_HL 9513.JPG","52.0"
"JR_HL 9514.JPG","52.0"
"JR_HL 9515.JPG","52.0"
"JR_HL 9516.JPG","52.0"
"JR_HL 9517.JPG","52.0"
"JR_HL 9518.JPG","52.0"
"JR_HL 9519.JPG","53.0"
"JR_HL 9520.JPG","53.0"
"JR_HL 9521.JPG","53.0"
"JR_HL 9522.JPG","53.0"
"JR_HL 9523.JPG","53.0"
"JR_HL 9524.JPG","53.0"
"JR_HL 9525.JPG","54.0"
"JR_HL 9526.JPG","54.0"
"JR_HL 9527.JPG","54.0"
"JR_HL 9528.JPG","54.0"
"JR_HL 9529.JPG","54.0"
"JR_HL 9530.JPG","54.0"
"JR_HL 9531.JPG","54.0"
"JR_HL 9532.JPG","55.0"
"JR_HL 9533.JPG","55.0"
"JR_HL 9534.JPG","55.0"
"JR_HL 9535.JPG","55.0"
"JR_HL 9536.JPG","55.0"
"JR_HL 9537.JPG","55.0"
"JR_HL 9538.JPG","55.0"
"JR_HL 9539.JPG","55.0"
"JR_HL 9540.JPG","56.0"
"JR_HL 9541.JPG","56.0"
"JR_HL 9542.JPG","56.0"
"JR_HL 9543.JPG","56.0"
"JR_HL 9544.JPG","56.0"
"JR_HL 9545.JPG","56.0"
"JR_HL 9546.JPG","56.0"
"JR_HL 9547.JPG","56.0"
"JR_HL 9548.JPG","57.0"
"JR_HL 9549.JPG","57.0"
"JR_HL 9550.JPG","57.0"
"JR_HL 9551.JPG","57.0"
"JR_HL 9552.JPG","57.0"
"JR_HL 9553.JPG","57.0"
"JR_HL 9554.JPG","57.0"
"JR_HL 9555.JPG","58.0"
"JR_HL 9556.JPG","58.0"
"JR_HL 9557.JPG","58.0"
"JR_HL 9558.JPG","58.0"
"JR_HL 9559.JPG","58.0"
"JR_HL 9560.JPG","58.0"
"JR_HL 9561.JPG","58.0"
"JR_HL 9562.JPG","59.0"
"JR_HL 9563.JPG","59.0"
"JR_HL 9564.JPG","59.0"
"JR_HL 9565.JPG","59.0"
"JR_HL 9566.JPG","59.0"
"JR_HL 9567.JPG","59.0"
"JR_HL 9568.JPG","59.0"
"JR_HL 9569.JPG","60.0"
"JR_HL 9570.JPG","60.0"
"JR_HL 9571.JPG","60.0"
"JR_HL 9572.JPG","60.0"
"JR_HL 9573.JPG","60.0"
"JR_HL 9574.JPG","60.0"
"JR_HL 9575.JPG","60.0"
"JR_HL 9576.JPG","60.0"
"JR_HL 9577.JPG","61.0"
"JR_HL 9578.JPG","61.0"
"JR_HL 9579.JPG","61.0"
"JR_HL 9580.JPG","61.0"
"JR_HL 9581.JPG","61.0"
"JR_HL 9582.JPG","61.0"
"JR_HL 9583.JPG","61.0"
"JR_HL 9584.JPG","61.0"
"JR_HL 9585.JPG","62.0"
"JR_HL 9586.JPG","62.0"
"JR_HL 9587.JPG","62.0"
"JR_HL 9588.JPG","62.0"
"JR_HL 9589.JPG","62.0"
"JR_HL 9590.JPG","62.0"
"JR_HL 9591.JPG","63.0"
"JR_HL 9592.JPG","63.0"
"JR_HL 9593.JPG","63.0"
"JR_HL 9594.JPG","63.0"
"JR_HL 9595.JPG","63.0"
"JR_HL 9596.JPG","63.0"
"JR_HL 9597.JPG","63.0"
"JR_HL 9598.JPG","63.0"
"JR_HL 9599.JPG","64.0"
"JR_HL 9600.JPG","64.0"
"JR_HL 9601.JPG","64.0"
"JR_HL 9602.JPG","64.0"
"JR_HL 9603.JPG","64.0"
"JR_HL 9604.JPG","64.0"
"JR_HL 9605.JPG","64.0"
"JR_HL 9606.JPG","65.0"
"JR_HL 9607.JPG","65.0"
"JR_HL 9608.JPG","65.0"
"JR_HL 9609.JPG","65.0"
"JR_HL 9610.JPG","65.0"
"JR_HL 9611.JPG","65.0"
"JR_HL 9612.JPG","66.0"
"JR_HL 9613.JPG","66.0"
"JR_HL 9614.JPG","66.0"
"JR_HL 9615.JPG","66.0"
"JR_HL 9616.JPG","66.0"
"JR_HL 9617.JPG","66.0"
"JR_HL 9618.JPG","67.0"
"JR_HL 9619.JPG","67.0"
"JR_HL 9620.JPG","67.0"
"JR_HL 9621.JPG","67.0"
"JR_HL 9622.JPG","67.0"
"JR_HL 9623.JPG","67.0"
"JR_HL 9624.JPG","67.0"
"JR_HL 9625.JPG","68.0"
"JR_HL 9626.JPG","68.0"
"JR_HL 9627.JPG","68.0"
"JR_HL 9628.JPG","68.0"
"JR_HL 9629.JPG","68.0"
"JR_HL 9630.JPG","68.0"
"JR_HL 9631.JPG","68.0"
"JR_HL 9632.JPG","69.0"
"JR_HL 9633.JPG","69.0"
"JR_HL 9634.JPG","69.0"
"JR_HL 9635.JPG","69.0"
"JR_HL 9636.JPG","69.0"
"JR_HL 9637.JPG","69.0"
"JR_HL 9638.JPG","69.0"
"JR_HL 9639.JPG","70.0"
"JR_HL 9640.JPG","70.0"
"JR_HL 9641.JPG","70.0"
"JR_HL 9642.JPG","70.0"
"JR_HL 9643.JPG","70.0"
"JR_HL 9644.JPG","70.0"
"JR_HL 9645.JPG","70.0"
"JR_HL 9652.JPG","n/a"
"JR_HL 9653.JPG","n/a"
"JR_HL 9654.JPG","71.0"
"JR_HL 9655.JPG","71.0"
"JR_HL 9656.JPG","71.0"
"JR_HL 9657.JPG","71.0"
"JR_HL 9658.JPG","71.0"
"JR_HL 9659.JPG","71.0"
"JR_HL 9660.JPG","71.0"
"JR_HL 9661.JPG","71.0"
"JR_HL 9662.JPG","72.0"
"JR_HL 9663.JPG","72.0"
"JR_HL 9664.JPG","72.0"
"JR_HL 9665.JPG","72.0"
"JR_HL 9666.JPG","72.0"
"JR_HL 9667.JPG","72.0"
"JR_HL 9668.JPG","72.0"
"JR_HL 9669.JPG","72.0"
"JR_HL 9670.JPG","73.0"
"JR_HL 9671.JPG","73.0"
"JR_HL 9672.JPG","73.0"
"JR_HL 9673.JPG","73.0"
"JR_HL 9674.JPG","73.0"
"JR_HL 9675.JPG","73.0"
"JR_HL 9676.JPG","73.0"
"JR_HL 9677.JPG","74.0"
"JR_HL 9678.JPG","74.0"
"JR_HL 9679.JPG","74.0"
"JR_HL 9680.JPG","74.0"
"JR_HL 9681.JPG","74.0"
"JR_HL 9682.JPG","74.0"
"JR_HL 9683.JPG","74.0"
"JR_HL 9684.JPG","74.0"
"JR_HL 9685.JPG","74.0"
"JR_HL 9686.JPG","75.0"
"JR_HL 9688.JPG","75.0"
"JR_HL 9689.JPG","75.0"
"JR_HL 9690.JPG","75.0"
"JR_HL 9691.JPG","75.0"
"JR_HL 9692.JPG","75.0"
"JR_HL 9693.JPG","76.0"
"JR_HL 9694.JPG","76.0"
"JR_HL 9695.JPG","76.0"
"JR_HL 9696.JPG","76.0"
"JR_HL 9697.JPG","76.0"
"JR_HL 9698.JPG","76.0"
"JR_HL 9699.JPG","76.0"
"JR_HL 9700.JPG","76.0"
"JR_HL 9701.JPG","77.0"
"JR_HL 9702.JPG","77.0"
"JR_HL 9703.JPG","77.0"
"JR_HL 9704.JPG","77.0"
"JR_HL 9705.JPG","77.0"
"JR_HL 9706.JPG","77.0"
"JR_HL 9707.JPG","77.0"
"JR_HL 9708.JPG","77.0"
"JR_HL 9709.JPG","77.0"
"JR_HL 9710.JPG","78.0"
"JR_HL 9711.JPG","78.0"
"JR_HL 9712.JPG","78.0"
"JR_HL 9713.JPG","78.0"
"JR_HL 9714.JPG","78.0"
"JR_HL 9715.JPG","78.0"
"JR_HL 9716.JPG","78.0"
"JR_HL 9717.JPG","79.0"
"JR_HL 9718.JPG","79.0"
"JR_HL 9719.JPG","79.0"
"JR_HL 9720.JPG","79.0"
"JR_HL 9721.JPG","79.0"
"JR_HL 9722.JPG","79.0"
"JR_HL 9723.JPG","80.0"
"JR_HL 9724.JPG","80.0"
"JR_HL 9725.JPG","80.0"
"JR_HL 9726.JPG","80.0"
"JR_HL 9727.JPG","80.0"
"JR_HL 9728.JPG","80.0"
"JR_HL 9729.JPG","80.0"
"JR_HL 9730.JPG","81.0"
"JR_HL 9731.JPG","81.0"
"JR_HL 9732.JPG","81.0"
"JR_HL 9733.JPG","81.0"
"JR_HL 9734.JPG","81.0"
"JR_HL 9735.JPG","81.0"
"JR_HL 9736.JPG","81.0"
"JR_HL 9737.JPG","82.0"
"JR_HL 9738.JPG","82.0"
"JR_HL 9739.JPG","82.0"
"JR_HL 9740.JPG","82.0"
"JR_HL 9741.JPG","82.0"
"JR_HL 9742.JPG","82.0"
"JR_HL 9743.JPG","83.0"
"JR_HL 9744.JPG","83.0"
"JR_HL 9745.JPG","83.0"
"JR_HL 9746.JPG","83.0"
"JR_HL 9747.JPG","83.0"
"JR_HL 9748.JPG","83.0"
"JR_HL 9749.JPG","83.0"
"JR_HL 9750.JPG","83.0"
"JR_HL 9751.JPG","84.0"
"JR_HL 9752.JPG","84.0"
"JR_HL 9753.JPG","84.0"
"JR_HL 9754.JPG","84.0"
"JR_HL 9755.JPG","84.0"
"JR_HL 9756.JPG","84.0"
"JR_HL 9757.JPG","84.0"
"JR_HL 9758.JPG","84.0"
"JR_HL 9759.JPG","85.0"
"JR_HL 9760.JPG","85.0"
"JR_HL 9761.JPG","85.0"
"JR_HL 9762.JPG","85.0"
"JR_HL 9763.JPG","85.0"
"JR_HL 9764.JPG","85.0"
"JR_HL 9765.JPG","85.0"
"JR_HL 9766.JPG","86.0"
"JR_HL 9767.JPG","86.0"
"JR_HL 9768.JPG","86.0"
"JR_HL 9769.JPG","86.0"
"JR_HL 9770.JPG","86.0"
"JR_HL 9771.JPG","86.0"
"JR_HL 9772.JPG","86.0"
"JR_HL 9773.JPG","87.0"
"JR_HL 9774.JPG","87.0"
"JR_HL 9775.JPG","87.0"
"JR_HL 9776.JPG","87.0"
"JR_HL 9777.JPG","87.0"
"JR_HL 9778.JPG","87.0"
"JR_HL 9779.JPG","88.0"
"JR_HL 9780.JPG","88.0"
"JR_HL 9781.JPG","88.0"
"JR_HL 9782.JPG","88.0"
"JR_HL 9783.JPG","88.0"
"JR_HL 9784.JPG","88.0"
"JR_HL 9785.JPG","88.0"
"JR_HL 9786.JPG","89.0"
"JR_HL 9787.JPG","89.0"
"JR_HL 9788.JPG","89.0"
"JR_HL 9789.JPG","89.0"
"JR_HL 9790.JPG","89.0"
"JR_HL 9791.JPG","89.0"
"JR_HL 9792.JPG","89.0"
"JR_HL 9793.JPG","89.0"
"JR_HL 9794.JPG","90.0"
"JR_HL 9795.JPG","90.0"
"JR_HL 9796.JPG","90.0"
"JR_HL 9797.JPG","90.0"
"JR_HL 9798.JPG","90.0"
"JR_HL 9799.JPG","90.0"
"JR_HL 9800.JPG","90.0"
"JR_HL 9801.JPG","90.0"
"JR_HL 9802.JPG","91.0"
"JR_HL 9803.JPG","91.0"
"JR_HL 9804.JPG","91.0"
"JR_HL 9805.JPG","91.0"
"JR_HL 9806.JPG","91.0"
"JR_HL 9807.JPG","91.0"
"JR_HL 9808.JPG","91.0"
"JR_HL 9809.JPG","91.0"
"JR_HL 9810.JPG","92.0"
"JR_HL 9811.JPG","92.0"
"JR_HL 9812.JPG","92.0"
"JR_HL 9813.JPG","92.0"
"JR_HL 9814.JPG","92.0"
"JR_HL 9815.JPG","92.0"
"JR_HL 9816.JPG","92.0"
"JR_HL 9817.JPG","92.0"
"JR_HL 9818.JPG","93.0"
"JR_HL 9819.JPG","93.0"
"JR_HL 9820.JPG","93.0"
"JR_HL 9821.JPG","93.0"
"JR_HL 9822.JPG","93.0"
"JR_HL 9823.JPG","93.0"
"JR_HL 9824.JPG","93.0"
"JR_HL 9825.JPG","94.0"
"JR_HL 9826.JPG","94.0"
"JR_HL 9827.JPG","94.0"
"JR_HL 9828.JPG","94.0"
"JR_HL 9829.JPG","94.0"
"JR_HL 9830.JPG","94.0"
"JR_HL 9831.JPG","95.0"
"JR_HL 9832.JPG","95.0"
"JR_HL 9833.JPG","95.0"
"JR_HL 9834.JPG","95.0"
"JR_HL 9835.JPG","95.0"
"JR_HL 9836.JPG","95.0"
"JR_HL 9837.JPG","96.0"
"JR_HL 9838.JPG","96.0"
"JR_HL 9839.JPG","96.0"
"JR_HL 9840.JPG","96.0"
"JR_HL 9841.JPG","96.0"
"JR_HL 9842.JPG","96.0"
"JR_HL 9843.JPG","96.0"
"JR_HL 9844.JPG","97.0"
"JR_HL 9845.JPG","97.0"
"JR_HL 9846.JPG","97.0"
"JR_HL 9847.JPG","97.0"
"JR_HL 9848.JPG","97.0"
"JR_HL 9849.JPG","97.0"
"JR_HL 9850.JPG","97.0"
"JR_HL 9851.JPG","98.0"
"JR_HL 9852.JPG","98.0"
"JR_HL 9853.JPG","98.0"
"JR_HL 9854.JPG","98.0"
"JR_HL 9855.JPG","98.0"
"JR_HL 9856.JPG","98.0"
"JR_HL 9857.JPG","98.0"
"JR_HL 9858.JPG","98.0"
"JR_HL 9859.JPG","99.0"
"JR_HL 9860.JPG","99.0"
"JR_HL 9861.JPG","99.0"
"JR_HL 9862.JPG","99.0"
"JR_HL 9863.JPG","99.0"
"JR_HL 9864.JPG","99.0"
"JR_HL 9865.JPG","99.0"
"JR_HL 9866.JPG","99.0"
"JR_HL 9867.JPG","99.0"
"JR_HL 9868.JPG","100.0"
"JR_HL 9869.JPG","100.0"
"JR_HL 9870.JPG","100.0"
"JR_HL 9871.JPG","100.0"
"JR_HL 9872.JPG","100.0"
"JR_HL 9873.JPG","100.0"
"JR_HL 9874 copy.JPG","101.0"
"JR_HL 9874.JPG","102.0"
"JR_HL 9875 copy.JPG","101.0"
"JR_HL 9875.JPG","102.0"
"JR_HL 9876 copy.JPG","101.0"
"JR_HL 9876.JPG","102.0"
"JR_HL 9877 copy.JPG","101.0"
"JR_HL 9877.JPG","102.0"
"JR_HL 9878 copy.JPG","101.0"
"JR_HL 9878.JPG","102.0"
"JR_HL 9879 copy.JPG","103.0"
"JR_HL 9879.JPG","104.0"
"JR_HL 9880 copy.JPG","103.0"
"JR_HL 9880.JPG","104.0"
"JR_HL 9881 copy.JPG","103.0"
"JR_HL 9881.JPG","104.0"
"JR_HL 9882 copy.JPG","103.0"
"JR_HL 9882.JPG","104.0"
"JR_HL 9883 copy.JPG","103.0"
"JR_HL 9883.JPG","104.0"
"JR_HL 9884 copy.JPG","103.0"
"JR_HL 9884.JPG","104.0"
"JR_HL 9885 copy.JPG","105.0"
"JR_HL 9885.JPG","106.0"
"JR_HL 9886 copy.JPG","105.0"
"JR_HL 9886.JPG","106.0"
"JR_HL 9887 copy.JPG","105.0"
"JR_HL 9887.JPG","106.0"
"JR_HL 9888 copy.JPG","105.0"
"JR_HL 9888.JPG","106.0"
"JR_HL 9889 copy.JPG","106.0"
"JR_HL 9889.JPG","105.0"
"JR_HL 9890 copy.JPG","106.0"
"JR_HL 9890.JPG","105.0"
"JR_HL 9891 copy.JPG","106.0"
"JR_HL 9891.JPG","105.0"
"JR_HL 9892 copy.JPG","106.0"
"JR_HL 9892.JPG","105.0"
"JR_HL 9893 copy.JPG","106.0"
"JR_HL 9893.JPG","105.0"
"JR_HL 9894 copy.JPG","105.0"
"JR_HL 9894.JPG","106.0"
